대지위치,위도,경도,total_score
경상북도 영천시 야사동 214번지,35.97076561,128.946097,305
경상북도 영천시 창구동 90-11번지,35.96793346,128.9312477,325
경상북도 영천시 성내동 132번지,35.96471899,128.9273234,345
경상북도 영천시 도동 185-6번지,35.94381669,128.9356037,305
경상북도 영천시 금노동 62-1번지,35.9533888,128.9474403,305
경상북도 영천시 금노동 618-137번지,35.95487832,128.9243974,340
경상북도 영천시 완산동 962-8번지,35.96495806,128.9412269,310
경상북도 영천시 괴연동 539-2번지,35.90345008,128.9588985,310
경상북도 영천시 대전동 651번지,35.98051907,128.9138502,320
경상북도 영천시 오미동 421번지,35.98435494,128.9365638,305
경상북도 영천시 오수동 164-6번지,35.96008308,128.9168873,300
경상북도 영천시 오수동 266-5번지,35.95712276,128.9152567,320
경상북도 영천시 도남동 54-1번지,35.93356023,128.9382493,310
경상북도 영천시 서산동 523번지,35.98111679,128.8941629,300
경상북도 영천시 서산동 523번지,35.98111679,128.8941629,300
경상북도 영천시 금호읍 교대리 107-7번지,35.93335429,128.8782815,350
경상북도 영천시 금호읍 대미리 198-1번지,35.95569286,128.883386,315
경상북도 영천시 금호읍 원제리 558-1번지,35.94322325,128.8966115,315
경상북도 영천시 금호읍 냉천리 226-3번지,35.93299044,128.8857791,330
경상북도 영천시 금호읍 냉천리 251-1번지,35.93235173,128.8806814,330
경상북도 영천시 금호읍 냉천리 377번지,35.9340513,128.8850675,310
경상북도 영천시 금호읍 냉천리 385번지,35.93379688,128.8853743,310
경상북도 영천시 금호읍 냉천리 696-10번지,35.93265951,128.8777431,350
경상북도 영천시 금호읍 구암리 428번지,35.91782366,128.9398032,310
경상북도 영천시 금호읍 남성리 276번지,35.90202307,128.8706354,305
경상북도 영천시 금호읍 황정리 44-1번지,35.92520609,128.9204148,310
경상북도 영천시 청통면 호당리 242번지,35.99111016,128.8893008,304
경상북도 영천시 청통면 호당리 558-2번지,35.99488056,128.8939166,330
경상북도 영천시 청통면 송천리 197-3번지,35.97683445,128.8228415,340
경상북도 영천시 청통면 송천리 197-3번지,35.97683445,128.8228415,340
경상북도 영천시 청통면 치일리 480-2번지,35.99174144,128.7906006,305
경상북도 영천시 신녕면 치산리 1055번지,36.05734042,128.7141208,305
경상북도 영천시 신녕면 치산리 1179번지,36.05768115,128.7162723,330
경상북도 영천시 신녕면 치산리 1436-1번지,36.04616482,128.7120501,340
경상북도 영천시 신녕면 부산리 127번지,36.05921773,128.754079,310
경상북도 영천시 신녕면 화남리 264-1번지,36.06474616,128.7678853,305
경상북도 영천시 신녕면 화남리 264-1번지,36.06474616,128.7678853,305
경상북도 영천시 신녕면 화남리 264-1번지,36.06474616,128.7678853,305
경상북도 영천시 신녕면 화남리 264-1번지,36.06474616,128.7678853,305
경상북도 영천시 신녕면 화남리 264-1번지,36.06474616,128.7678853,305
경상북도 영천시 신녕면 왕산리 861-1번지,36.04822112,128.7620048,340
경상북도 영천시 신녕면 완전리 397번지,36.03001977,128.8004435,305
경상북도 영천시 신녕면 완전리 397번지,36.03001977,128.8004435,305
경상북도 영천시 신녕면 완전리 852-129번지,36.03951369,128.7886144,340
경상북도 영천시 화산면 연계리 196번지,36.02210341,128.846682,305
경상북도 영천시 화산면 당지리 93번지,36.05781869,128.8398349,330
경상북도 영천시 화산면 당지리 103번지,36.05740755,128.8400623,330
경상북도 영천시 화산면 화산리 168-1번지,36.04473924,128.8678901,310
경상북도 영천시 화산면 화산리 280번지,36.04905764,128.8679023,320
경상북도 영천시 화산면 화산리 846번지,36.05472525,128.8586519,320
경상북도 영천시 화산면 가상리 341번지,36.0299995,128.8897527,315
경상북도 영천시 화산면 암기리 413번지,36.01591284,128.8926098,330
경상북도 영천시 화산면 암기리 632번지,36.01778716,128.88714,305
경상북도 영천시 화산면 암기리 1021번지,36.01887896,128.8728165,305
경상북도 영천시 화산면 삼부리 121번지,36.00535326,128.8846469,335
경상북도 영천시 화산면 당곡리 452번지,36.02026618,128.8645144,325
경상북도 영천시 화산면 당곡리 452-2번지,36.0200515,128.8646735,325
경상북도 영천시 화북면 자천리 786번지,36.11088094,128.923021,320
경상북도 영천시 화북면 옥계리 196번지,36.12771208,128.929425,305
경상북도 영천시 화북면 하송리 157-1번지,36.15107566,128.9273996,335
경상북도 영천시 화북면 죽전리 151-2번지,36.15066407,128.9172083,315
경상북도 영천시 화북면 횡계리 187번지,36.11491112,128.9483417,305
경상북도 영천시 화남면 죽곡리 227번지,36.06451358,128.9585023,305
경상북도 영천시 화남면 사천리 499번지,36.03754012,128.9196159,330
경상북도 영천시 화남면 사천리 499번지,36.03754012,128.9196159,330
경상북도 영천시 화남면 사천리 543번지,36.04033133,128.9196413,320
경상북도 영천시 화남면 사천리 717번지,36.0432821,128.921579,320
경상북도 영천시 화남면 사천리 752-5번지,36.04223878,128.921543,305
경상북도 영천시 화남면 사천리 755번지,36.04207047,128.9208173,315
경상북도 영천시 화남면 삼창리 203-2번지,36.06192549,128.8924415,340
경상북도 영천시 화남면 귀호리 644번지,36.05747978,128.8735455,340
경상북도 영천시 자양면 보현리 1185번지,36.13483841,129.0333107,315
경상북도 영천시 자양면 삼귀리 414-1번지,36.08301771,129.0636798,340
경상북도 영천시 자양면 신방리 920번지,36.06595556,129.0674441,315
경상북도 영천시 자양면 성곡리 산135번지,36.08465527,129.0306088,340
경상북도 영천시 임고면 양항리 493번지,36.01661959,128.9732072,339
경상북도 영천시 임고면 선원리 816번지,36.03723939,128.9687383,330
경상북도 영천시 임고면 선원리 826번지,36.03753154,128.9691321,330
경상북도 영천시 임고면 덕연리 989-1번지,36.05198282,128.9876811,340
경상북도 영천시 임고면 평천리 256-4번지,36.03214826,128.9862515,305
경상북도 영천시 임고면 평천리 578번지,36.03860475,128.982685,340
경상북도 영천시 임고면 효리 281번지,36.03335962,129.0180161,315
경상북도 영천시 임고면 사리 907번지,36.04300266,129.0572798,315
경상북도 영천시 임고면 우항리 1051-49번지,36.01438587,128.9847621,320
경상북도 영천시 임고면 고천리 산23-2번지,36.01560775,129.0081946,330
경상북도 영천시 임고면 매호리 140번지,36.00665402,128.967777,320
경상북도 영천시 임고면 매호리 145번지,36.00587453,128.9667095,320
경상북도 영천시 임고면 매호리 629-2번지,35.99821721,128.9648933,310
경상북도 영천시 임고면 양평리 337번지,36.02515722,128.9856243,325
경상북도 영천시 고경면 창하리 982-1번지,35.9852393,128.9789928,305
경상북도 영천시 고경면 창하리 982-1번지,35.9852393,128.9789928,305
경상북도 영천시 고경면 대의리 218번지,35.96481739,128.9920678,320
경상북도 영천시 고경면 대의리 708-1번지,35.97155215,128.9807452,310
경상북도 영천시 고경면 부리 181번지,35.97295362,129.0455113,320
경상북도 영천시 고경면 가수리 66번지,36.00276747,129.088695,315
경상북도 영천시 고경면 가수리 78-2번지,36.00241909,129.0856845,310
경상북도 영천시 고경면 가수리 186-1번지,36.00323015,129.0807146,340
경상북도 영천시 고경면 가수리 430-1번지,35.99993839,129.0866077,310
경상북도 영천시 고경면 삼산리 254번지,35.99815624,129.0963437,335
경상북도 영천시 북안면 북리 262번지,35.86158854,128.9852777,330
경상북도 영천시 북안면 도유리 118-2번지,35.86960362,128.9793471,305
경상북도 영천시 북안면 신대리 151-1번지,35.88142747,129.0042515,315
경상북도 영천시 북안면 도천리 573번지,35.89689817,129.0173493,320
경상북도 영천시 북안면 반정리 552번지,35.93497839,128.9951568,305
경상북도 영천시 북안면 유상리 800번지,35.91828863,128.9757814,340
경상북도 영천시 대창면 직천리 203번지,35.86825974,128.9624144,315
경상북도 영천시 대창면 용전리 60-8번지,35.87044124,128.952438,315
경상북도 영천시 대창면 용전리 139번지,35.87060777,128.9493814,315
경상북도 영천시 대창면 신광리 686-5번지,35.85617188,128.9212795,315
경상북도 영천시 대창면 신광리 992번지,35.84756845,128.9160293,310
경상북도 영천시 대창면 조곡리 756번지,35.85832932,128.9057457,330
경상북도 영천시 대창면 조곡리 976번지,35.85719635,128.9040482,305
경상북도 영천시 대창면 구지리 124번지,35.86630088,128.8881856,305
경상북도 영천시 대창면 사리리 127번지,35.87969697,128.8845431,300
경상북도 영천시 대창면 사리리 127번지,35.87969697,128.8845431,300
경상북도 영천시 대창면 대창리 29번지,35.89064742,128.8906788,305
