항목,점수,설명
건물 노후도,25,"오래된 건물은 전기배선, 가스관, 소방시설의 노후화로 인해 화재 발생 가능성과 피해 규모가 커진다. 
특히 내화재 미비와 스프링클러 미설치 가능성이 높아 초기 화재 진압이 어렵다."
지상층수,9,"고층 건물은 연기 상승, 구조 난이도, 소방차 진입 제약 등으로 대피 및 초기 진압이 어렵다.
층수가 높을수록 위험 요소가 기하급수적으로 증가할 것이다."
지하층수,11,"지하층은 환기 부족, 출입구 제한, 비상탈출 어려움 등으로 인해 연기 흡입 및 질식 위험이 높다. 
실제 화재사고에서 지하에서 화재로 사망률이 지상보다 높게 나타나는 경우가 많다."
주요 용도,20,"건물의 용도도 화재 발생률과 인명 피해 규모에 직접적인 영향을 미친다. 
다중이용시설, 병원, 노유자시설 등은 대피 지연과 인명피해 위험이 매우 클 것이다."
구조 재질,15,"목조건물, 경량 철골조 등은 연소 속도가 빠르고 불길이 확산되기 쉬워 대형 화재로 확산될 수 있다.
반면 철근 콘크리트 구조물은 내화 성능이 상대적으로 우수하다.
건물 재료는 화재 확산성과 대피 소요 시간에 영향을 미친다."
비상용 승강기 수,5,"비상용 승강기는 고층 구조 시 대피 수단으로 기능하지만, 평시에는 화재 발생과 직접적인 관련성은 낮다. 
대부분의 구조 지연 위험은 계단에서 발생하므로 가중치는 낮게 부여하였다."
소화전 거리,5,"건물 인근에 소화전이 없는 경우, 소방관의 대응 거리 지체로 시민의 초기 진화 지연으로 피해가 커질 수 있다. 
특히 일반인의 사용에는 접근 제한 등이 문제로 지적된다."
소방관서 거리,10,"소방서와의 거리는 화재 발생 시 도착 시간과 직접적으로 연결되며, 도착이 늦을 때마다 화재 규모 확대의 가능성이 높아진다. 
통계적으로 도착 늦을 때마다 피해 규모가 급증하기도 한다."
