연번,소속,안전센터,지역대,차량번호,위도,경도
1,소방본부,소방장비관리센터,,998주8444,,
2,소방본부,소방장비관리센터,,998오3019,,
3,소방본부,소방장비관리센터,,998러2530,,
4,소방본부,소방장비관리센터,,998러9849,,
5,소방학교,교육훈련과,,998노8127,,
6,소방학교,교육훈련과,,998주8415,,
7,소방학교,교육훈련과,,998가9620,,
8,포항북부소방서,119구조구급센터,,998누3011,,
9,포항북부소방서,119구조구급센터,,998누3094,,
10,포항북부소방서,두호119안전센터,,998누3033,,
11,포항북부소방서,흥해119안전센터,,998누3062,,
12,포항북부소방서,장량119안전센터,,998누3022,,
13,포항북부소방서,기계119안전센터,,998누3093,,
14,포항북부소방서,청하119안전센터,,998누3041,,
15,포항남부소방서,119구조구급센터,,998누3040,,
16,포항남부소방서,해도119안전센터,,998도3886,,
17,포항남부소방서,해도119안전센터,,998누3039,,
18,포항남부소방서,제철119안전센터,,998도3835,,
19,포항남부소방서,연일119안전센터,,998누3014,,
20,포항남부소방서,효자119안전센터,,998도3855,,
21,포항남부소방서,오천119안전센터,,998누3046,,
22,포항남부소방서,오천119안전센터,장기119지역대,998누3089,,
23,포항남부소방서,구룡포119안전센터,,998누3048,,
24,포항남부소방서,울릉119안전센터,,998누3085,,
25,포항남부소방서,울릉119안전센터,북면119지역대,998누3004,,
26,경주소방서,119구조구급센터,,998가5842,,
27,경주소방서,동부119안전센터,,998가5858,,
28,경주소방서,불국사119안전센터,,998가5833,,
29,경주소방서,보문119안전센터,,998가5856,,
30,경주소방서,용황119안전센터,,998가5823,,
31,경주소방서,안강119안전센터,,998가5864,,
32,경주소방서,안강119안전센터,양동119지역대,998가5880,,
33,경주소방서,외동119안전센터,,998가5884,,
34,경주소방서,감포119안전센터,,998가5854,,
35,경주소방서,감포119안전센터,양남119지역대,998가5826,,
36,경주소방서,감포119안전센터,문무대왕119지역대,998가5881,,
37,경주소방서,건천119안전센터,,998가5855,,
38,경주소방서,건천119안전센터,서면119지역대,998가5878,,
39,김천소방서,119구조구급센터,,998러9889,,
40,김천소방서,다수119안전센터,,998러9811,,
41,김천소방서,대광119안전센터,,998러9809,,
42,김천소방서,지례119안전센터,,998러9855,,
43,김천소방서,아포119안전센터,,998러9847,,
44,김천소방서,율곡119안전센터,,998러9881,,
45,안동소방서,법흥119안전센터,일직119지역대,998노8117,,
46,안동소방서,119구조구급센터,,998노8140,,
47,안동소방서,119구조구급센터,,998누2260,,
48,안동소방서,용상119안전센터,,998노8160,,
49,안동소방서,용상119안전센터,길안119지역대,998노8158,,
50,안동소방서,풍산119안전센터,,998노8194,,
51,안동소방서,옥동119안전센터,,998노8168,,
52,안동소방서,옥동119안전센터,북후119지역대,998누2255,,
53,안동소방서,옥동119안전센터,서후119지역대,998노8163,,
54,안동소방서,도산119안전센터,,998누2250,,
55,안동소방서,영양119안전센터,,998노8187,,
56,안동소방서,영양119안전센터,수비119지역대,998노8173,,
57,안동소방서,입암119안전센터,,998노8107,,
58,구미소방서,119구조구급센터,,998무6913,,
59,구미소방서,송정119안전센터,,998무6988,,
60,구미소방서,원평119안전센터,,998무6968,,
61,구미소방서,인동119안전센터,,998무6930,,
62,구미소방서,선산119안전센터,,998무6907,,
63,구미소방서,해평119안전센터,,998무6926,,
64,구미소방서,상림119안전센터,,998무6992,,
65,구미소방서,옥계119안전센터,,998무6973,,
66,구미소방서,고아119안전센터,,998무6904,,
67,구미소방서,봉곡119안전센터,,998무6905,,
68,영주소방서,119구조구급센터,,998주5003,,
69,영주소방서,가흥119안전센터,,998주5052,,
70,영주소방서,가흥119안전센터,,998주5005,,
71,영주소방서,풍기119안전센터,,998주5006,,
72,영주소방서,풍기119안전센터,순흥119지역대,998주5000,,
73,영주소방서,풍기119안전센터,부석119지역대,998주5001,,
74,영천소방서,119구조구급센터,,998마8121,35.97798,128.9581
75,영천소방서,119구조구급센터,,998마8137,,
76,영천소방서,동부119안전센터,화남119지역대,998마8133,36.0703,128.9023
77,영천소방서,남부119안전센터,,998마8136,35.93914,128.9472
78,영천소방서,남부119안전센터,북안119지역대,998마8140,35.92111,129.0074
79,영천소방서,금호119안전센터,,998마8132,35.91392,128.8875
80,영천소방서,신녕119안전센터,,998마8131,36.044,128.7788
81,영천소방서,신녕119안전센터,청통119지역대,998마8170,35.99086,128.7996
82,상주소방서,119구조구급센터,,998부8622,,
83,상주소방서,119구조구급센터,,998부8655,,
84,상주소방서,함창119안전센터,,998부8630,,
85,상주소방서,함창119안전센터,은척119지역대,998부8641,,
86,상주소방서,청리119안전센터,,998부8602,,
87,상주소방서,청리119안전센터,낙동119지역대,998부8601,,
88,상주소방서,화서119안전센터,,998부8660,,
89,상주소방서,화서119안전센터,모서119지역대,998부8675,,
90,상주소방서,화서119안전센터,화북119지역대,998부8608,,
91,문경소방서,119구조구급센터,,998서5706,,
92,문경소방서,점촌119안전센터,산북119지역대,998서5700,,
93,문경소방서,점촌119안전센터,동로119지역대,998tj5772,,
94,문경소방서,모전119안전센터,,998서5775,,
95,문경소방서,가은119안전센터,,998서5750,,
96,문경소방서,문경119안전센터,,998서5774,,
97,경산소방서,119구조구급센터,,998무8507,,
98,경산소방서,중앙119안전센터,,998무8523,,
99,경산소방서,중산119안전센터,,998무8509,,
100,경산소방서,하양119안전센터,,998무8517,,
101,경산소방서,진량119안전센터,,998무8513,,
102,경산소방서,자인119안전센터,,998무8520,,
103,의성소방서,119구조구급센터,,998오3033,,
104,의성소방서,금성119안전센터,,998오3057,,
105,의성소방서,안계119안전센터,,998오3010,,
106,의성소방서,안계119안전센터,다인119지역대,998오3014,,
107,의성소방서,의성119안전센터,,998오3012,,
108,의성소방서,의성119안전센터,점곡119지역대,998오3085,,
109,청송소방서,청송119안전센터,현서119지역대,998노8167,,
110,청송소방서,청송119안전센터,안덕119지역대,998노8172,,
111,청송소방서,청송119안전센터,주왕산119지역대,998서5603,,
112,청송소방서,119구조구급센터,,998노8157,,
113,청송소방서,진보119안전센터,,998노8177,,
114,영덕소방서,119구조구급센터,,998러2551,,
115,영덕소방서,영덕119안전센터,지품119지역대,998러2512,,
116,영덕소방서,영해119안전센터,,998러2553,,
117,영덕소방서,강구119안전센터,,998러2540,,
118,청도소방서,119구조구급센터,,998주8437,,
119,청도소방서,청도119안전센터,화양119지역대,998가9612,,
120,청도소방서,풍각119안전센터,,998가9613,,
121,청도소방서,금천119안전센터,,998가9614,,
122,고령소방서,119구조구급센터,,998거4811,,
123,고령소방서,다산119안전센터,,998거4813,,
124,고령소방서,다산119안전센터,성산119지역대,998거4812,,
125,고령소방서,대가야119안전센터,개진119지역대,998거4835,,
126,성주소방서,119구조구급센터,,998루6020,,
127,성주소방서,성주119안전센터,초전119지역대,998루6044,,
128,성주소방서,선남119안전센터,,998루6027,,
129,성주소방서,가천119안전센터,,998루6033,,
130,칠곡소방서,119구조구급센터,,998보2777,,
131,칠곡소방서,북삼119안전센터,,998보2784,,
132,칠곡소방서,북삼119안전센터,약목119지역대,998보2705,,
133,칠곡소방서,금산119안전센터,,998보2717,,
134,칠곡소방서,가산119안전센터,,998보2737,,
135,칠곡소방서,석적119안전센터,,998보2789,,
136,칠곡소방서,동명119안전센터,,998보2746,,
137,칠곡소방서,지천119안전센터,,998보2724,,
138,예천소방서,예천119안전센터,용문119지역대,998누9233,,
139,예천소방서,119구조구급센터,,998누9231,,
140,예천소방서,도청119구조구급센터,,998누9249,,
141,예천소방서,지보119안전센터,,998누9240,,
142,예천소방서,지보119안전센터,용궁119지역대,998누9241,,
143,예천소방서,지보119안전센터,풍양119지역대,998누9235,,
144,봉화소방서,119구조구급센터,,998주5002,,
145,봉화소방서,춘양119안전센터,,998주5008,,
146,봉화소방서,춘양119안전센터,석포119지역대,998주5009,,
147,봉화소방서,명호119안전센터,,998주5007,,
148,봉화소방서,명호119안전센터,재산119지역대,998버9910,,
149,울진소방서,119구조구급센터,,998우8406,,
150,울진소방서,죽변119안전센터,,998우8420,,
151,울진소방서,북면119안전센터,,998우8427,,
152,울진소방서,후포119안전센터,,998우8411,,
153,울진소방서,후포119안전센터,기성119지역대,998우8410,,
154,울진소방서,온정119안전센터,,998우8422,,
155,119특수대응단,119항공대,,HL9463,,
156,119특수대응단,119항공대,,HL9462,,
