항목 번호,항목명,기준 / 조건,설명
①,건물 노후도,"2025년 기준 노후도
- 40년 이상: +5.0
- 30~40: +4.0
- 20~30: +3.0
- 10~20년: +2.0
- 10년 이하: +1.0"," -전기/소방 설비 노후, 내화재 미비 가능성
-노후 건물은 내화성 자재가 부족할 가능성이 높고, 리모델링 등으로 구조가 변경되었을 수 있어 대피 경로가 복잡할 수 있음
-오래된 건물일수록 전기배선, 가스, 소방설비의 노후화로 인해 화재 발생 가능성이 증가"
②,지상층수,"1층: +0.0
2층: +1.0
3층: +2.0
4층: +3.0"," -고층일수록 연기 확산 속도가 빠르고, 구조대 접근이 어려움
-고층 건물은 승강기 고장 시 계단 이용에 제약이 많음 (특히 고령자/장애인)"
③,지하층수," -1층: +1.0
-2층: +2.0
-3층: +3.0"," -지하 공간은 연기나 열기 배출이 어려워 인명 피해 위험이 큼
-구조대 접근이 제한적이고, 대피 통로 확보가 어려움"
④,주요 용도," - 숙박/다중이용시설: +9.0
- 공장/창고시설: +8.0
- 교육/복지시설: +7.0
- 상업/판매시설: +5.0
- 문화/업무시설: +5.0
- 교정/군사/운수/기타: +4.0
- 기타: +3.0
- 주거시설: +2.0
- 행정/공공/업무시설: +1.0"," - 숙박·다중이용시설은 야간 인원 밀집도와 수면 중 화재 발생 등으로 대형 피해 가능성
- 공장/창고는 가연성 자재 보관으로 인해 급격한 확산 위험
- 용도에 따라 대피 능력, 화재 감지·진압 인프라의 유무가 달라짐"
⑤,구조 재질," - 목조 계열: +5.0
- 조적식 구조: +4.0
- 조립식/판넬/기타: +3.0
- 철골 계열: +2.0
- 기타/특수 구조: +1.0
- 콘크리트 계열: +0.0","  - 목조·조적식은 불연성이 낮아 화재 확산 속도가 매우 빠름
- 콘크리트나 철골 계열은 내화성이 높아 상대적으로 안정적
- 구조 재질은 화재 시 건물 붕괴 시간과도 직결됨"
⑥,비상용 승강기 수,"0대: +5.0
1대: +4.0
2대: +3.0
3대: +2.0
4대: +1.0
5대: +0.0", - 비상용 승강기는 고층 건물 대피 시간 단축에 핵심적
⑦,소화전 거리,"≤30m: +1.0
≤60m: +2.0
≤90m: +3.0
≤120m: +4.0
≤150m: +5.0"," - 화재 진압을 위한 신속한 소화전 접근이 중요
- 거리 기준은 실제 소방호스 연결 거리(최대 70m 내외) 고려
- 거리가 멀수록 초기 진압 실패율 증가"
⑧,소방관서 거리,"<1km: +1.0
<3km: +2.0
<5km: +3.0
<7km: +4.0
<9km: +5.0"," - 소방서에서 출동해 도착하는 시간은 화재 대응의 골든타임과 직결됨
- 도착 지연 시 인명 피해 및 재산 피해 급증
- 도로 사정이나 교통 혼잡도 고려 요소"
